{"experiment_name":"hudi_1","file_size":76.06664562225342,"time_taken":36.39612174034119}
