{"experiment_name":"delta_1","file_size":1819.3040990829468,"time_taken":23.488149166107178}
